主类,类别,标题,排名,热度,上榜时间,链接,爬取时间
热搜榜,艺人,林志颖车祸后再度开赛车,1,163645,2023-05-27 00:27:27,https://s.weibo.com/weibo?q=#林志颖车祸后再度开赛车#,2023-05-27 04:42:37
热搜榜,"情感,幽默",送命式熬夜 经常性失落,2,123557,2023-05-27 00:55:23,https://s.weibo.com/weibo?q=#送命式熬夜 经常性失落#,2023-05-27 04:42:37
热搜榜,社会新闻,探馆中关村论坛展览领略前沿科技魅力,3,121731,2023-05-26 21:25:29,https://s.weibo.com/weibo?q=#探馆中关村论坛展览领略前沿科技魅力#,2023-05-27 04:42:37
热搜榜,社会新闻,江西一对表兄妹结婚10年育1子,4,121344,2023-05-27 00:39:24,https://s.weibo.com/weibo?q=#江西一对表兄妹结婚10年育1子#,2023-05-27 04:42:37
热搜榜,影视,狂飙片方没有为高启强报名,5,84992,2023-05-26 22:21:34,https://s.weibo.com/weibo?q=#狂飙片方没有为高启强报名#,2023-05-27 04:42:37
热搜榜,作品衍生,张元英AI换脸叶夕雾,6,58882,2023-05-26 23:34:33,https://s.weibo.com/weibo?q=#张元英AI换脸叶夕雾#,2023-05-27 04:42:37
热搜榜,影视,狂飙,7,57530,2023-05-26 18:36:31,https://s.weibo.com/weibo?q=#狂飙#,2023-05-27 04:42:37
热搜榜,社会新闻,哈尔滨回应网传副市长与交警发生冲突,8,56860,2023-05-26 23:06:32,https://s.weibo.com/weibo?q=#哈尔滨回应网传副市长与交警发生冲突#,2023-05-27 04:42:37
热搜榜,体育,陈梦,9,54382,2023-05-26 23:18:33,https://s.weibo.com/weibo?q=#陈梦#,2023-05-27 04:42:37
热搜榜,"音乐,幽默",五月天唱了粉丝在微博点的歌,10,49777,2023-05-27 00:11:30,https://s.weibo.com/weibo?q=#五月天唱了粉丝在微博点的歌#,2023-05-27 04:42:37
热搜榜,"军事,国外要闻",塞尔维亚总统下令军队进入最高战备状态,11,48327,2023-05-26 23:51:31,https://s.weibo.com/weibo?q=#塞尔维亚总统下令军队进入最高战备状态#,2023-05-27 04:42:37
热搜榜,情感,我妈死后还在催婚,12,47393,2023-05-26 20:02:30,https://s.weibo.com/weibo?q=#我妈死后还在催婚#,2023-05-27 04:42:37
热搜榜,社会新闻,椰树 不带货纯擦,13,46279,2023-05-27 01:06:22,https://s.weibo.com/weibo?q=#椰树 不带货纯擦#,2023-05-27 04:42:37
热搜榜,体育,张本智和哭了,14,43270,2023-05-26 23:43:32,https://s.weibo.com/weibo?q=#张本智和哭了#,2023-05-27 04:42:37
热搜榜,社会新闻,女子执意推婴儿车淌水孩子不慎摔落,15,36265,2023-05-26 22:33:32,https://s.weibo.com/weibo?q=#女子执意推婴儿车淌水孩子不慎摔落#,2023-05-27 04:42:37
热搜榜,"社会新闻,网红",何丹彤巴黎被抢劫,16,35686,2023-05-26 22:05:29,https://s.weibo.com/weibo?q=#何丹彤巴黎被抢劫#,2023-05-27 04:42:37
热搜榜,音乐,五月天,17,31874,2023-05-26 19:25:31,https://s.weibo.com/weibo?q=#五月天#,2023-05-27 04:42:37
热搜榜,科技,晋江防盗,18,31758,2023-05-26 22:39:32,https://s.weibo.com/weibo?q=#晋江防盗#,2023-05-27 04:42:37
热搜榜,音乐,五月天点歌,19,30669,2023-05-26 20:44:31,https://s.weibo.com/weibo?q=#五月天点歌#,2023-05-27 04:42:37
热搜榜,综艺,黄子韬淘汰谢娜,20,30620,2023-05-26 20:03:29,https://s.weibo.com/weibo?q=#黄子韬淘汰谢娜#,2023-05-27 04:42:37
热搜榜,社会新闻,广东6男孩被骗到缅甸失联20余天,21,30453,2023-05-27 00:18:28,https://s.weibo.com/weibo?q=#广东6男孩被骗到缅甸失联20余天#,2023-05-27 04:42:37
热搜榜,社会新闻,女子诞下百万分之一镜面宝宝,22,29927,2023-05-26 18:57:33,https://s.weibo.com/weibo?q=#女子诞下百万分之一镜面宝宝#,2023-05-27 04:42:37
热搜榜,社会新闻,女子用儿子名字开店被索赔12万,23,28113,2023-05-26 21:22:30,https://s.weibo.com/weibo?q=#女子用儿子名字开店被索赔12万#,2023-05-27 04:42:37
热搜榜,影视,后浪女主,24,26527,2023-05-27 00:04:28,https://s.weibo.com/weibo?q=#后浪女主#,2023-05-27 04:42:37
热搜榜,艺人,安崎 正常恋爱,25,25595,2023-05-26 16:54:31,https://s.weibo.com/weibo?q=#安崎 正常恋爱#,2023-05-27 04:42:37
热搜榜,"科技,财经",手机销量差是因为卖的贵吗,26,25181,2023-05-26 18:04:31,https://s.weibo.com/weibo?q=#手机销量差是因为卖的贵吗#,2023-05-27 04:42:37
热搜榜,影视,白玉兰提名,27,24921,2023-05-26 20:00:31,https://s.weibo.com/weibo?q=#白玉兰提名#,2023-05-27 04:42:37
热搜榜,社会新闻,妻子离婚时才知丈夫年入300万,28,24491,2023-05-26 18:47:31,https://s.weibo.com/weibo?q=#妻子离婚时才知丈夫年入300万#,2023-05-27 04:42:37
热搜榜,音乐,五月天演唱会,29,24171,2023-05-26 17:36:33,https://s.weibo.com/weibo?q=#五月天演唱会#,2023-05-27 04:42:37
热搜榜,音乐,五月天演唱会嘉宾,30,22873,2023-05-27 01:25:21,https://s.weibo.com/weibo?q=#五月天演唱会嘉宾#,2023-05-27 04:42:37
热搜榜,艺人,赵露思又去迪士尼的原因,31,22868,2023-05-27 03:31:13,https://s.weibo.com/weibo?q=#赵露思又去迪士尼的原因#,2023-05-27 04:42:37
热搜榜,社会新闻,日本地震,32,22856,2023-05-26 18:28:30,https://s.weibo.com/weibo?q=#日本地震#,2023-05-27 04:42:37
热搜榜,社会新闻,交警处罚违停奥迪反遭怼,33,22700,2023-05-27 01:24:21,https://s.weibo.com/weibo?q=#交警处罚违停奥迪反遭怼#,2023-05-27 04:42:37
热搜榜,体育,陈梦4比0伊藤美诚,34,21387,2023-05-27 00:05:30,https://s.weibo.com/weibo?q=#陈梦4比0伊藤美诚#,2023-05-27 04:42:37
热搜榜,综艺,奔跑吧这回真的有剧本,35,21263,2023-05-26 20:04:28,https://s.weibo.com/weibo?q=#奔跑吧这回真的有剧本#,2023-05-27 04:42:37
热搜榜,体育,梁靖崑vs张本智和,36,21117,2023-05-26 22:41:33,https://s.weibo.com/weibo?q=#梁靖崑vs张本智和#,2023-05-27 04:42:37
热搜榜,"社会新闻,艺人",何丹彤回应被抢劫,37,20723,2023-05-27 00:38:27,https://s.weibo.com/weibo?q=#何丹彤回应被抢劫#,2023-05-27 04:42:37
热搜榜,综艺,娄艺潇回复网友不参加浪姐的原因,38,20693,2023-05-26 18:41:30,https://s.weibo.com/weibo?q=#娄艺潇回复网友不参加浪姐的原因#,2023-05-27 04:42:37
热搜榜,音乐,五月天演唱会 场控,39,20692,2023-05-26 20:44:31,https://s.weibo.com/weibo?q=#五月天演唱会 场控#,2023-05-27 04:42:37
热搜榜,音乐,白敬亭是自己抢票吗,40,20686,2023-05-26 21:36:30,https://s.weibo.com/weibo?q=#白敬亭是自己抢票吗#,2023-05-27 04:42:37
热搜榜,综艺,向往的生活,41,20683,2023-05-26 21:53:30,https://s.weibo.com/weibo?q=#向往的生活#,2023-05-27 04:42:37
热搜榜,情感,怎么跟回避型谈恋爱,42,20681,2023-05-27 00:32:28,https://s.weibo.com/weibo?q=#怎么跟回避型谈恋爱#,2023-05-27 04:42:37
热搜榜,"社会新闻,影视",甄嬛传演到滴血认亲食堂大姨忘了工作,43,20675,2023-05-26 18:01:34,https://s.weibo.com/weibo?q=#甄嬛传演到滴血认亲食堂大姨忘了工作#,2023-05-27 04:42:37
热搜榜,音乐,五月天白安再唱人生海海,44,20671,2023-05-27 02:43:14,https://s.weibo.com/weibo?q=#五月天白安再唱人生海海#,2023-05-27 04:42:37
热搜榜,社会新闻,警方通报长沙一家5口死亡,45,20668,2023-05-26 16:53:28,https://s.weibo.com/weibo?q=#警方通报长沙一家5口死亡#,2023-05-27 04:42:37
热搜榜,综艺,谢可寅舞台,46,20664,2023-05-26 21:43:31,https://s.weibo.com/weibo?q=#谢可寅舞台#,2023-05-27 04:42:37
热搜榜,幽默,年少时不能遇见太惊艳的猴,47,20663,2023-05-26 20:28:30,https://s.weibo.com/weibo?q=#年少时不能遇见太惊艳的猴#,2023-05-27 04:42:37
热搜榜,综艺,孙千说赵丽颖让自己变成全民情敌,48,20659,2023-05-26 23:43:32,https://s.weibo.com/weibo?q=#孙千说赵丽颖让自己变成全民情敌#,2023-05-27 04:42:37
热搜榜,影视,王鹤棣田曦薇新剧开始招募文替,49,20654,2023-05-26 18:56:30,https://s.weibo.com/weibo?q=#王鹤棣田曦薇新剧开始招募文替#,2023-05-27 04:42:37
热搜榜,音乐,王心凌 直播,50,20653,2023-05-26 22:52:32,https://s.weibo.com/weibo?q=#王心凌 直播#,2023-05-27 04:42:37
